{"Hidden Layers":{"0":0,"1":0,"2":0,"3":0,"4":0,"5":0,"6":0,"7":0,"8":0,"9":0,"10":0,"11":0,"12":1,"13":1,"14":1,"15":1,"16":1,"17":1,"18":1,"19":1,"20":1,"21":1,"22":1,"23":1,"24":2,"25":2,"26":2,"27":2,"28":2,"29":2,"30":2,"31":2,"32":2,"33":2,"34":2,"35":2},"Epochs Count":{"0":20,"1":20,"2":20,"3":20,"4":40,"5":40,"6":40,"7":40,"8":60,"9":60,"10":60,"11":60,"12":20,"13":20,"14":20,"15":20,"16":40,"17":40,"18":40,"19":40,"20":60,"21":60,"22":60,"23":60,"24":20,"25":20,"26":20,"27":20,"28":40,"29":40,"30":40,"31":40,"32":60,"33":60,"34":60,"35":60},"Total Node Count":{"0":21,"1":42,"2":63,"3":126,"4":21,"5":42,"6":63,"7":126,"8":21,"9":42,"10":63,"11":126,"12":42,"13":84,"14":126,"15":252,"16":42,"17":84,"18":126,"19":252,"20":42,"21":84,"22":126,"23":252,"24":63,"25":126,"26":189,"27":378,"28":63,"29":126,"30":189,"31":378,"32":63,"33":126,"34":189,"35":378},"Train Data Node Count":{"0":21,"1":42,"2":63,"3":126,"4":21,"5":42,"6":63,"7":126,"8":21,"9":42,"10":63,"11":126,"12":21,"13":42,"14":63,"15":126,"16":21,"17":42,"18":63,"19":126,"20":21,"21":42,"22":63,"23":126,"24":21,"25":42,"26":63,"27":126,"28":21,"29":42,"30":63,"31":126,"32":21,"33":42,"34":63,"35":126},"Train Data Loss":{"0":0.3277406304,"1":0.3105373468,"2":0.3155823612,"3":0.3172457559,"4":0.310973915,"5":0.3193340976,"6":0.3064150896,"7":0.3099740938,"8":0.3298518931,"9":0.3232586218,"10":0.3186111623,"11":0.3086423791,"12":0.3253616106,"13":0.3349374375,"14":0.3199094495,"15":0.3497307977,"16":0.3301736886,"17":0.3274370107,"18":0.4132155545,"19":0.6092506844,"20":1.7948470696,"21":1.7810281913,"22":1.7810425957,"23":1.7816702467,"24":1.781791188,"25":1.7823140606,"26":1.7820360032,"27":1.7828510897,"28":1.7812324495,"29":1.7808992075,"30":1.7809956771,"31":1.7812283933,"32":1.7810447353,"33":1.7812146536,"34":1.7810548576,"35":1.7810099704},"Train Data Accuracy":{"0":0.8631813,"1":0.8701273,"2":0.86506,"3":0.8650105,"4":0.8693857,"5":0.8673588,"6":0.8694846,"7":0.86978126,"8":0.8592016,"9":0.8634532,"10":0.86768013,"11":0.86676556,"12":0.86456555,"13":0.8622173,"14":0.8631566,"15":0.8556668,"16":0.8661723,"17":0.86066,"18":0.8364108,"19":0.72999626,"20":0.26444197,"21":0.2685453,"22":0.27257445,"23":0.27257445,"24":0.2685453,"25":0.2685453,"26":0.27257445,"27":0.27257445,"28":0.27257445,"29":0.2685453,"30":0.2685453,"31":0.2685453,"32":0.2685453,"33":0.2685453,"34":0.27257445,"35":0.2685453},"Test Data Loss":{"0":0.3393287367,"1":0.325060585,"2":0.3293136626,"3":0.3331434436,"4":0.3296995127,"5":0.3358407514,"6":0.3265607285,"7":0.3285212532,"8":0.3442189384,"9":0.342326961,"10":0.3364181444,"11":0.3315332818,"12":0.3475621548,"13":0.3538628987,"14":0.3413934258,"15":0.3705218414,"16":0.3523761475,"17":0.3434529301,"18":0.4297579468,"19":0.6193570785,"20":1.8028386665,"21":1.7905149933,"22":1.7902233632,"23":1.7911529931,"24":1.7912526395,"25":1.7917262511,"26":1.7916671555,"27":1.7912340022,"28":1.7904027706,"29":1.7902500098,"30":1.7902133128,"31":1.790610161,"32":1.7903615182,"33":1.7909100632,"34":1.7899963976,"35":1.7903512176},"Test Data Accuracy":{"0":0.858287,"1":0.86154985,"2":0.8576196,"3":0.8600667,"4":0.8588802,"5":0.8583611,"6":0.8599184,"7":0.8614757,"8":0.8522803,"9":0.85532075,"10":0.86051166,"11":0.8590286,"12":0.85354096,"13":0.85391176,"14":0.85509825,"15":0.85005563,"16":0.8541342,"17":0.8524286,"18":0.82936597,"19":0.72651094,"20":0.2640712,"21":0.26340377,"22":0.27133852,"23":0.27133852,"24":0.26340377,"25":0.26340377,"26":0.27133852,"27":0.27133852,"28":0.27133852,"29":0.26340377,"30":0.26340377,"31":0.26340377,"32":0.26340377,"33":0.26340377,"34":0.27133852,"35":0.26340377}}