{"Hidden Layers":{"0":0,"1":0,"2":0,"3":0,"4":0,"5":0,"6":0,"7":0,"8":0,"9":0,"10":0,"11":0,"12":1,"13":1,"14":1,"15":1,"16":1,"17":1,"18":1,"19":1,"20":1,"21":1,"22":1,"23":1,"24":2,"25":2,"26":2,"27":2,"28":2,"29":2,"30":2,"31":2,"32":2,"33":2,"34":2,"35":2},"Epochs Count":{"0":20,"1":20,"2":20,"3":20,"4":40,"5":40,"6":40,"7":40,"8":60,"9":60,"10":60,"11":60,"12":20,"13":20,"14":20,"15":20,"16":40,"17":40,"18":40,"19":40,"20":60,"21":60,"22":60,"23":60,"24":20,"25":20,"26":20,"27":20,"28":40,"29":40,"30":40,"31":40,"32":60,"33":60,"34":60,"35":60},"Total Node Count":{"0":21,"1":42,"2":63,"3":126,"4":21,"5":42,"6":63,"7":126,"8":21,"9":42,"10":63,"11":126,"12":42,"13":84,"14":126,"15":252,"16":42,"17":84,"18":126,"19":252,"20":42,"21":84,"22":126,"23":252,"24":63,"25":126,"26":189,"27":378,"28":63,"29":126,"30":189,"31":378,"32":63,"33":126,"34":189,"35":378},"Train Data Node Count":{"0":21,"1":42,"2":63,"3":126,"4":21,"5":42,"6":63,"7":126,"8":21,"9":42,"10":63,"11":126,"12":21,"13":42,"14":63,"15":126,"16":21,"17":42,"18":63,"19":126,"20":21,"21":42,"22":63,"23":126,"24":21,"25":42,"26":63,"27":126,"28":21,"29":42,"30":63,"31":126,"32":21,"33":42,"34":63,"35":126},"Train Data Loss":{"0":0.3263876276,"1":0.3168792133,"2":0.312249779,"3":0.3193319055,"4":0.3169414067,"5":0.3091841679,"6":0.3105929221,"7":0.3102477899,"8":0.3143123492,"9":0.3322642106,"10":0.3209616759,"11":0.4930703318,"12":0.4448682197,"13":0.4976407297,"14":0.3564974833,"15":0.5004219041,"16":0.3388826104,"17":0.35381042,"18":0.8435268622,"19":1.8319895689,"20":1.8319063465,"21":1.8318545534,"22":1.832280218,"23":1.8320177969,"24":1.8323751041,"25":1.8321261642,"26":1.8329056693,"27":1.8325805363,"28":1.8320385142,"29":1.8320895323,"30":1.8320831213,"31":1.8320261195,"32":1.8319670957,"33":1.8320401934,"34":1.8320767065,"35":1.8321037509},"Train Data Accuracy":{"0":0.8646397,"1":0.8661476,"2":0.8684959,"3":0.8629341,"4":0.8625634,"5":0.86758125,"6":0.8682981,"7":0.8683475,"8":0.86530715,"9":0.8593993,"10":0.86852056,"11":0.85000616,"12":0.82489187,"13":0.79886293,"14":0.84194785,"15":0.7897417,"16":0.86281055,"17":0.84459275,"18":0.5981708,"19":0.24367817,"20":0.24367817,"21":0.24367817,"22":0.2353232,"23":0.24367817,"24":0.2353232,"25":0.24367817,"26":0.24367817,"27":0.24367817,"28":0.24367817,"29":0.2353232,"30":0.24367817,"31":0.24367817,"32":0.24367817,"33":0.24367817,"34":0.24367817,"35":0.24367817},"Test Data Loss":{"0":0.3279775432,"1":0.3254756195,"2":0.3189840394,"3":0.328423314,"4":0.3270203012,"5":0.319731372,"6":0.3247508166,"7":0.3256604062,"8":0.3329504001,"9":0.343210969,"10":0.3394853159,"11":0.5329931833,"12":0.4463750849,"13":0.5037969001,"14":0.3639857162,"15":0.4991811221,"16":0.3489040635,"17":0.3637865603,"18":0.8497106011,"19":1.8268041317,"20":1.8267153571,"21":1.8265456274,"22":1.8262304565,"23":1.8271198803,"24":1.8263489943,"25":1.8269844998,"26":1.8274736148,"27":1.8276972957,"28":1.8262701239,"29":1.8263577728,"30":1.8267180785,"31":1.8270127783,"32":1.8268577996,"33":1.8266934675,"34":1.8269574711,"35":1.826371349},"Test Data Accuracy":{"0":0.86481273,"1":0.86384875,"2":0.86637,"3":0.86414534,"4":0.86154985,"5":0.8660734,"6":0.867779,"7":0.8684464,"8":0.8595477,"9":0.8577679,"10":0.86414534,"11":0.84553206,"12":0.8263997,"13":0.79814607,"14":0.8428624,"15":0.7896181,"16":0.86036336,"17":0.8461253,"18":0.59058213,"19":0.23604004,"20":0.23604004,"21":0.23604004,"22":0.24100854,"23":0.23604004,"24":0.24100854,"25":0.23604004,"26":0.23604004,"27":0.23604004,"28":0.23604004,"29":0.24100854,"30":0.23604004,"31":0.23604004,"32":0.23604004,"33":0.23604004,"34":0.23604004,"35":0.23604004}}